id,name,abbreviation,country,type,fips_state,assoc_press,standard_federal_region,census_region,census_region_name,census_division,census_division_name
1,Alabama,AL,USA,state,1,Ala.,IV,3,South,6,East South Central
2,Alaska,AK,USA,state,2,Alaska,X,4,West,9,Pacific
3,Arizona,AZ,USA,state,4,Ariz.,IX,4,West,8,Mountain
4,Arkansas,AR,USA,state,5,Ark.,VI,3,South,7,West South Central
5,California,CA,USA,state,6,Calif.,IX,4,West,9,Pacific
6,Colorado,CO,USA,state,8,Colo.,VIII,4,West,8,Mountain
7,Connecticut,CT,USA,state,9,Conn.,I,1,Northeast,1,New England
8,Delaware,DE,USA,state,10,Del.,III,3,South,5,South Atlantic
9,Florida,FL,USA,state,12,Fla.,IV,3,South,5,South Atlantic
10,Georgia,GA,USA,state,13,Ga.,IV,3,South,5,South Atlantic
11,Hawaii,HI,USA,state,15,Hawaii,IX,4,West,9,Pacific
12,Idaho,ID,USA,state,16,Idaho,X,4,West,8,Mountain
13,Illinois,IL,USA,state,17,Ill.,V,2,Midwest,3,East North Central
14,Indiana,IN,USA,state,18,Ind.,V,2,Midwest,3,East North Central
15,Iowa,IA,USA,state,19,Iowa,VII,2,Midwest,4,West North Central
16,Kansas,KS,USA,state,20,Kan.,VII,2,Midwest,4,West North Central
17,Kentucky,KY,USA,state,21,Ky.,IV,3,South,6,East South Central
18,Louisiana,LA,USA,state,22,La.,VI,3,South,7,West South Central
19,Maine,ME,USA,state,23,Maine,I,1,Northeast,1,New England
20,Maryland,MD,USA,state,24,Md.,III,3,South,5,South Atlantic
21,Massachusetts,MA,USA,state,25,Mass.,I,1,Northeast,1,New England
22,Michigan,MI,USA,state,26,Mich.,V,2,Midwest,3,East North Central
23,Minnesota,MN,USA,state,27,Minn.,V,2,Midwest,4,West North Central
24,Mississippi,MS,USA,state,28,Miss.,IV,3,South,6,East South Central
25,Missouri,MO,USA,state,29,Mo.,VII,2,Midwest,4,West North Central
26,Montana,MT,USA,state,30,Mont.,VIII,4,West,8,Mountain
27,Nebraska,NE,USA,state,31,Neb.,VII,2,Midwest,4,West North Central
28,Nevada,NV,USA,state,32,Nev.,IX,4,West,8,Mountain
29,New Hampshire,NH,USA,state,33,N.H.,I,1,Northeast,1,New England
30,New Jersey,NJ,USA,state,34,N.J.,II,1,Northeast,2,Mid-Atlantic
31,New Mexico,NM,USA,state,35,N.M.,VI,4,West,8,Mountain
32,New York,NY,USA,state,36,N.Y.,II,1,Northeast,2,Mid-Atlantic
33,North Carolina,NC,USA,state,37,N.C.,IV,3,South,5,South Atlantic
34,North Dakota,ND,USA,state,38,N.D.,VIII,2,Midwest,4,West North Central
35,Ohio,OH,USA,state,39,Ohio,V,2,Midwest,3,East North Central
36,Oklahoma,OK,USA,state,40,Okla.,VI,3,South,7,West South Central
37,Oregon,OR,USA,state,41,Ore.,X,4,West,9,Pacific
38,Pennsylvania,PA,USA,state,42,Pa.,III,1,Northeast,2,Mid-Atlantic
39,Rhode Island,RI,USA,state,44,R.I.,I,1,Northeast,1,New England
40,South Carolina,SC,USA,state,45,S.C.,IV,3,South,5,South Atlantic
41,South Dakota,SD,USA,state,46,S.D.,VIII,2,Midwest,4,West North Central
42,Tennessee,TN,USA,state,47,Tenn.,IV,3,South,6,East South Central
43,Texas,TX,USA,state,48,Texas,VI,3,South,7,West South Central
44,Utah,UT,USA,state,49,Utah,VIII,4,West,8,Mountain
45,Vermont,VT,USA,state,50,Vt.,I,1,Northeast,1,New England
46,Virginia,VA,USA,state,51,Va.,III,3,South,5,South Atlantic
47,Washington,WA,USA,state,53,Wash.,X,4,West,9,Pacific
48,West Virginia,WV,USA,state,54,W.Va.,III,3,South,5,South Atlantic
49,Wisconsin,WI,USA,state,55,Wis.,V,2,Midwest,3,East North Central
50,Wyoming,WY,USA,state,56,Wyo.,VIII,4,West,8,Mountain
51,Washington DC,DC,USA,capitol,11,,III,3,South,5,South Atlantic